{
  "profile_mae_hot_C": 0.15176016092300415,
  "profile_mae_cold_C": 0.14238949120044708,
  "outlet_mae_hot_C": 0.22940801084041595,
  "outlet_mae_cold_C": 0.22430390119552612,
  "analytical_ms": 171.44748083985178,
  "fno_ms": 25.468409589957446,
  "speedup": 6.731770204742426,
  "n_params": 283650,
  "n_train": 1400
}